slide,index,x,y,mean_intensity_channel1,mean_intensity_channel2,mean_intensity_channel3,mean_intensity_channel4,mean_intensity_channel5,mean_intensity_channel6,mean_intensity_channel7,mean_intensity_channel8,mean_intensity_channel9,mean_intensity_channel10,mean_intensity_channel11,mean_intensity_channel12,mean_intensity_channel13,mean_intensity_channel14,mean_intensity_channel15,mean_intensity_channel16,mean_intensity_channel17,mean_intensity_channel18,mean_intensity_channel19,mean_intensity_channel20,mean_intensity_channel21,mean_intensity_channel22,mean_intensity_channel23,mean_intensity_channel24,mean_intensity_channel25,mean_intensity_channel26,mean_intensity_channel27,mean_intensity_channel28,mean_intensity_channel29,mean_intensity_channel30,mean_intensity_channel31,mean_intensity_channel32,mean_intensity_channel33,mean_intensity_channel34,mean_intensity_channel35,mean_intensity_channel36,mean_intensity_channel37,mean_intensity_channel38,mean_intensity_channel39,mean_intensity_channel40
1040066,0,60582,47052,25.11579241,2.30343192,3.129962532,3.672672194,0.02869898,1.694933833,5.292849171,1.164999203,1.795938297,6.476682079,0.946946747,1.391003667,3.943359375,1.430444834,8.619180485,7.002232143,0.09891183,0.785056601,0.713289222,1.708007813,1.19005102,1.383908642,2.036053093,6.191824777,3.268534758,6.657884247,5.438456633,4.413883131,4.332469707,2.029356665,5.645268654,0.0078125,0.209343112,0.00394611,9.439991231,1.692303093,2.332230548,1.011838329,1.125,0.049147003
1040066,1,60582,47276,35.3591757,0.36457669,6.532904177,3.295699139,0.038046078,2.094666773,9.794383769,1.247887436,1.742984694,12.06315768,1.951112085,5.006437341,4.907724809,1.119220344,11.90638951,10.33565848,0.014389349,3.610451212,0.375119579,3.94136639,1.375617825,2.490274235,2.764209981,11.52248087,3.40493463,9.466438138,7.781110491,6.668646365,5.630859375,2.916414222,7.909658004,0.019232302,0.23431521,0.009048151,16.80923151,1.913245376,3.759905134,0.964524872,1.341657366,0.340421716
1040066,2,60806,47052,35.13895089,2.59369021,7.330436862,3.669961735,0.03645169,1.784398916,8.437918527,1.564931441,1.813038106,10.71659758,0.668347417,2.082928093,11.8517618,1.055783642,15.29757254,11.31794085,0.004902742,0.842215402,0.990772481,7.145268654,1.428471779,2.571328922,2.862962372,10.63526387,3.370077328,10.18999123,9.874322385,7.045161033,5.680803571,2.229551977,8.44142618,0.01959104,0.196348852,0.009526467,16.60287787,2.257174745,2.902483259,0.974310427,1.013313138,0.072763871