slide,index,x,y,mean_intensity_channel1,mean_intensity_channel2,mean_intensity_channel3,mean_intensity_channel4,mean_intensity_channel5,mean_intensity_channel6,mean_intensity_channel7,mean_intensity_channel8,mean_intensity_channel9,mean_intensity_channel10,mean_intensity_channel11,mean_intensity_channel12,mean_intensity_channel13,mean_intensity_channel14,mean_intensity_channel15,mean_intensity_channel16,mean_intensity_channel17,mean_intensity_channel18,mean_intensity_channel19,mean_intensity_channel20,mean_intensity_channel21,mean_intensity_channel22,mean_intensity_channel23,mean_intensity_channel24,mean_intensity_channel25,mean_intensity_channel26,mean_intensity_channel27,mean_intensity_channel28,mean_intensity_channel29,mean_intensity_channel30,mean_intensity_channel31,mean_intensity_channel32,mean_intensity_channel33,mean_intensity_channel34,mean_intensity_channel35,mean_intensity_channel36,mean_intensity_channel37,mean_intensity_channel38,mean_intensity_channel39,mean_intensity_channel40
4,0,60582,47052,0.098108564,0.008997781,0.012226416,0.014346376,0.000112105,0.006620835,0.020675192,0.004550778,0.007015384,0.025299539,0.003699011,0.005433608,0.015403748,0.005587675,0.033668674,0.027352469,0.000386374,0.003066627,0.002786286,0.006671906,0.004648637,0.005405893,0.007953332,0.024186816,0.012767714,0.02600736,0.021243971,0.017241731,0.01692371,0.007927174,0.022051831,3.05E-05,0.000817747,1.54E-05,0.036874966,0.006610559,0.009110276,0.003952493,0.004394531,0.00019198
4,1,60582,47276,0.13812178,0.001424128,0.025519157,0.012873825,0.000148617,0.008182292,0.038259312,0.00487456,0.006808534,0.04712171,0.007621532,0.019556396,0.0191708,0.004371954,0.046509334,0.040373666,5.62E-05,0.014103325,0.001465311,0.015395962,0.005373507,0.009727634,0.010797695,0.045009691,0.013300526,0.036978274,0.030394963,0.0260494,0.021995544,0.011392243,0.030897102,7.51E-05,0.000915294,3.53E-05,0.065661061,0.007473615,0.014687129,0.003767675,0.005240849,0.001329772
4,2,60806,47052,0.137261527,0.010131602,0.028634519,0.014335788,0.000142389,0.006970308,0.032960619,0.006113013,0.00708218,0.041861709,0.002610732,0.008136438,0.046295945,0.004124155,0.059756143,0.044210706,1.92E-05,0.003289904,0.003870205,0.027911206,0.005579968,0.010044254,0.011183447,0.041543999,0.013164365,0.039804653,0.038571572,0.02752016,0.022190639,0.008709187,0.032974321,7.65E-05,0.000766988,3.72E-05,0.064854992,0.008817089,0.011337825,0.0038059,0.003958254,0.000284234